cod_municipio,qntPostos,nome,cod_estado,estado,id
6*CRUZEIRO@DO@SUL,10,Cruzeiro Do Sul,AC*ACRE,Acre,6
16*RIO@BRANCO,23,Rio Branco,AC*ACRE,Acre,16
19*SENA@MADUREIRA,7,Sena Madureira,AC*ACRE,Acre,19
20*SENADOR@GUIOMARD,4,Senador Guiomard,AC*ACRE,Acre,20
21*TARAUACA,6,Tarauaca,AC*ACRE,Acre,21
22*XAPURI,2,Xapuri,AC*ACRE,Acre,22
30*ARAPIRACA,14,Arapiraca,AL*ALAGOAS,Alagoas,30
74*DELMIRO@GOUVEIA,6,Delmiro Gouveia,AL*ALAGOAS,Alagoas,74
109*MACEIO,46,Maceio,AL*ALAGOAS,Alagoas,109
114*MARECHAL@DEODORO,7,Marechal Deodoro,AL*ALAGOAS,Alagoas,114
135*PALMEIRA@DOS@INDIOS,8,Palmeira Dos Indios,AL*ALAGOAS,Alagoas,135
158*RIO@LARGO,9,Rio Largo,AL*ALAGOAS,Alagoas,158
163*SANTANA@DO@IPANEMA,8,Santana Do Ipanema,AL*ALAGOAS,Alagoas,163
287*CALCOENE,2,Calcoene,AP*AMAPÁ,Amapá,287
304*LARANJAL@DO@JARI,2,Laranjal Do Jari,AP*AMAPÁ,Amapá,304
307*MACAPA,17,Macapa,AP*AMAPÁ,Amapá,307
310*OIAPOQUE,4,Oiapoque,AP*AMAPÁ,Amapá,310
312*PORTO@GRANDE,3,Porto Grande,AP*AMAPÁ,Amapá,312
316*SANTANA,6,Santana,AP*AMAPÁ,Amapá,316
228*HUMAITA,6,Humaita,AM*AMAZONAS,Amazonas,228
233*ITACOATIARA,12,Itacoatiara,AM*AMAZONAS,Amazonas,233
241*MANACAPURU,9,Manacapuru,AM*AMAZONAS,Amazonas,241
243*MANAUS,73,Manaus,AM*AMAZONAS,Amazonas,243
256*PARINTINS,7,Parintins,AM*AMAZONAS,Amazonas,256
259*PRESIDENTE@FIGUEIREDO,3,Presidente Figueiredo,AM*AMAZONAS,Amazonas,259
272*TEFE,10,Tefe,AM*AMAZONAS,Amazonas,272
342*ALAGOINHAS,10,Alagoinhas,BA*BAHIA,Bahia,342
394*BARRA,5,Barra,BA*BAHIA,Bahia,394
403*BARREIRAS,12,Barreiras,BA*BAHIA,Bahia,403
443*BRUMADO,7,Brumado,BA*BAHIA,Bahia,443
461*CAETITE,7,Caetite,BA*BAHIA,Bahia,461
473*CAMACARI,15,Camacari,BA*BAHIA,Bahia,473
479*CAMPO@FORMOSO,6,Campo Formoso,BA*BAHIA,Bahia,479
489*CANDEIAS,8,Candeias,BA*BAHIA,Bahia,489
536*CONCEICAO@DO@JACUIPE,9,Conceicao Do Jacuipe,BA*BAHIA,Bahia,536
579*EUNAPOLIS,10,Eunapolis,BA*BAHIA,Bahia,579
582*FEIRA@DE@SANTANA,23,Feira De Santana,BA*BAHIA,Bahia,582
606*GUANAMBI,10,Guanambi,BA*BAHIA,Bahia,606
659*ILHEUS,12,Ilheus,BA*BAHIA,Bahia,659
669*IPIRA,6,Ipira,BA*BAHIA,Bahia,669
678*IRECE,9,Irece,BA*BAHIA,Bahia,678
683*ITABUNA,26,Itabuna,BA*BAHIA,Bahia,683
702*ITAMARAJU,10,Itamaraju,BA*BAHIA,Bahia,702
736*JACOBINA,7,Jacobina,BA*BAHIA,Bahia,736
740*JAGUAQUARA,10,Jaguaquara,BA*BAHIA,Bahia,740
749*JEQUIE,12,Jequie,BA*BAHIA,Bahia,749
759*JUAZEIRO,16,Juazeiro,BA*BAHIA,Bahia,759
789*LAURO@DE@FREITAS,11,Lauro De Freitas,BA*BAHIA,Bahia,789
793*LIVRAMENTO@DE@NOSSA@SENHORA,9,Livramento De Nossa Senhora,BA*BAHIA,Bahia,793
909*PAULO@AFONSO,9,Paulo Afonso,BA*BAHIA,Bahia,909
937*POCOES,10,Pocoes,BA*BAHIA,Bahia,937
944*PORTO@SEGURO,10,Porto Seguro,BA*BAHIA,Bahia,944
982*RUY@BARBOSA,5,Ruy Barbosa,BA*BAHIA,Bahia,982
988*SALVADOR,75,Salvador,BA*BAHIA,Bahia,988
1006*SANTO@ANTONIO@DE@JESUS,10,Santo Antonio De Jesus,BA*BAHIA,Bahia,1006
1036*SENHOR@DO@BONFIM,10,Senhor Do Bonfim,BA*BAHIA,Bahia,1036
1045*SERRINHA,8,Serrinha,BA*BAHIA,Bahia,1045
1047*SIMOES@FILHO,9,Simoes Filho,BA*BAHIA,Bahia,1047
1078*TEIXEIRA@DE@FREITAS,9,Teixeira De Freitas,BA*BAHIA,Bahia,1078
1102*VALENCA,9,Valenca,BA*BAHIA,Bahia,1102
1116*VITORIA@DA@CONQUISTA,16,Vitoria Da Conquista,BA*BAHIA,Bahia,1116
1208*BEBERIBE,4,Beberibe,CE*CEARÁ,Ceará,1208
1256*CANINDE,8,Caninde,CE*CEARÁ,Ceará,1256
1284*CAUCAIA,21,Caucaia,CE*CEARÁ,Ceará,1284
1300*CRATEUS,7,Crateus,CE*CEARÁ,Ceará,1300
1301*CRATO,12,Crato,CE*CEARÁ,Ceará,1301
1347*FORTALEZA,73,Fortaleza,CE*CEARÁ,Ceará,1347
1392*ICO,8,Ico,CE*CEARÁ,Ceará,1392
1396*IGUATU,10,Iguatu,CE*CEARÁ,Ceará,1396
1404*IPU,9,Ipu,CE*CEARÁ,Ceará,1404
1422*ITAPIPOCA,6,Itapipoca,CE*CEARÁ,Ceará,1422
1451*JUAZEIRO@DO@NORTE,12,Juazeiro Do Norte,CE*CEARÁ,Ceará,1451
1470*LIMOEIRO@DO@NORTE,8,Limoeiro Do Norte,CE*CEARÁ,Ceará,1470
1486*MARACANAU,10,Maracanau,CE*CEARÁ,Ceará,1486
1526*MORADA@NOVA,6,Morada Nova,CE*CEARÁ,Ceará,1526
1594*PEDRA@BRANCA,7,Pedra Branca,CE*CEARÁ,Ceará,1594
1636*QUIXADA,10,Quixada,CE*CEARÁ,Ceará,1636
1722*SOBRAL,17,Sobral,CE*CEARÁ,Ceará,1722
1778*BRASILIA,80,Brasilia,DF*DISTRITO@FEDERAL,Distrito Federal,1778
1816*ARACRUZ,10,Aracruz,ES*ESPÍRITO@SANTO,Espírito Santo,1816
1825*BARRA@DE@SAO@FRANCISCO,10,Barra De Sao Francisco,ES*ESPÍRITO@SANTO,Espírito Santo,1825
1839*CACHOEIRO@DE@ITAPEMIRIM,19,Cachoeiro De Itapemirim,ES*ESPÍRITO@SANTO,Espírito Santo,1839
1844*CARIACICA,22,Cariacica,ES*ESPÍRITO@SANTO,Espírito Santo,1844
1845*CASTELO,4,Castelo,ES*ESPÍRITO@SANTO,Espírito Santo,1845
1847*COLATINA,12,Colatina,ES*ESPÍRITO@SANTO,Espírito Santo,1847
1879*GUARAPARI,12,Guarapari,ES*ESPÍRITO@SANTO,Espírito Santo,1879
1903*ITAPEMIRIM,6,Itapemirim,ES*ESPÍRITO@SANTO,Espírito Santo,1903
1915*JAGUARE,6,Jaguare,ES*ESPÍRITO@SANTO,Espírito Santo,1915
1925*LINHARES,14,Linhares,ES*ESPÍRITO@SANTO,Espírito Santo,1925
1946*NOVA@VENECIA,4,Nova Venecia,ES*ESPÍRITO@SANTO,Espírito Santo,1946
2019*SAO@MATEUS,12,Sao Mateus,ES*ESPÍRITO@SANTO,Espírito Santo,2019
2028*SERRA,18,Serra,ES*ESPÍRITO@SANTO,Espírito Santo,2028
2044*VILA@VELHA,16,Vila Velha,ES*ESPÍRITO@SANTO,Espírito Santo,2044
2048*VITORIA,24,Vitoria,ES*ESPÍRITO@SANTO,Espírito Santo,2048
2055*AGUAS@LINDAS@DE@GOIAS,5,Aguas Lindas De Goias,GO*GOIÁS,Goiás,2055
2065*ANAPOLIS,16,Anapolis,GO*GOIÁS,Goiás,2065
2069*APARECIDA@DE@GOIANIA,13,Aparecida De Goiania,GO*GOIÁS,Goiás,2069
2107*CALDAS@NOVAS,12,Caldas Novas,GO*GOIÁS,Goiás,2107
2125*CATALAO,10,Catalao,GO*GOIÁS,Goiás,2125
2165*FORMOSA,13,Formosa,GO*GOIÁS,Goiás,2165
2174*GOIANIA,65,Goiania,GO*GOIÁS,Goiás,2174
2177*GOIATUBA,10,Goiatuba,GO*GOIÁS,Goiás,2177
2204*ITUMBIARA,18,Itumbiara,GO*GOIÁS,Goiás,2204
2209*JATAI,16,Jatai,GO*GOIÁS,Goiás,2209
2222*LUZIANIA,13,Luziania,GO*GOIÁS,Goiás,2222
2234*MINEIROS,7,Mineiros,GO*GOIÁS,Goiás,2234
2240*MORRINHOS,11,Morrinhos,GO*GOIÁS,Goiás,2240
2285*PLANALTINA@DE@GOIAS,5,Planaltina De Goias,GO*GOIÁS,Goiás,2285
2287*PORANGATU,7,Porangatu,GO*GOIÁS,Goiás,2287
2298*RIO@VERDE,18,Rio Verde,GO*GOIÁS,Goiás,2298
2349*TRINDADE,7,Trindade,GO*GOIÁS,Goiás,2349
2361*VALPARAISO@DE@GOIAS,10,Valparaiso De Goias,GO*GOIÁS,Goiás,2361
2369*ACAILANDIA,8,Acailandia,MA*MARANHÃO,Maranhão,2369
2390*BACABAL,6,Bacabal,MA*MARANHÃO,Maranhão,2390
2395*BALSAS,7,Balsas,MA*MARANHÃO,Maranhão,2395
2398*BARRA@DO@CORDA,9,Barra Do Corda,MA*MARANHÃO,Maranhão,2398
2428*CAROLINA,4,Carolina,MA*MARANHÃO,Maranhão,2428
2430*CAXIAS,9,Caxias,MA*MARANHÃO,Maranhão,2430
2437*CODO,6,Codo,MA*MARANHÃO,Maranhão,2437
2475*IMPERATRIZ,20,Imperatriz,MA*MARANHÃO,Maranhão,2475
2538*PINHEIRO,5,Pinheiro,MA*MARANHÃO,Maranhão,2538
2545*PRESIDENTE@DUTRA,8,Presidente Dutra,MA*MARANHÃO,Maranhão,2545
2562*SANTA@INES,6,Santa Ines,MA*MARANHÃO,Maranhão,2562
2574*SAO@DOMINGOS@DO@MARANHAO,4,Sao Domingos Do Maranhao,MA*MARANHÃO,Maranhão,2574
2583*SAO@JOAO@DOS@PATOS,3,Sao Joao Dos Patos,MA*MARANHÃO,Maranhão,2583
2585*SAO@JOSE@DE@RIBAMAR,10,Sao Jose De Ribamar,MA*MARANHÃO,Maranhão,2585
2587*SAO@LUIS,35,Sao Luis,MA*MARANHÃO,Maranhão,2587
2606*TIMON,8,Timon,MA*MARANHÃO,Maranhão,2606
4280*ALTA@FLORESTA,9,Alta Floresta,MT*MATO@GROSSO,Mato Grosso,4280
4313*CACERES,11,Caceres,MT*MATO@GROSSO,Mato Grosso,4313
4347*CUIABA,52,Cuiaba,MT*MATO@GROSSO,Mato Grosso,4347
4462*RONDONOPOLIS,20,Rondonopolis,MT*MATO@GROSSO,Mato Grosso,4462
4473*SANTO@ANTONIO@DO@LEVERGER,3,Santo Antonio Do Leverger,MT*MATO@GROSSO,Mato Grosso,4473
4493*SINOP,13,Sinop,MT*MATO@GROSSO,Mato Grosso,4493
4495*SORRISO,9,Sorriso,MT*MATO@GROSSO,Mato Grosso,4495
4511*VARZEA@GRANDE,20,Varzea Grande,MT*MATO@GROSSO,Mato Grosso,4511
4141*CAMPO@GRANDE,59,Campo Grande,MS*MATO@GROSSO@DO@SUL,Mato Grosso Do Sul,4141
4152*CORUMBA,10,Corumba,MS*MATO@GROSSO@DO@SUL,Mato Grosso Do Sul,4152
4154*COXIM,9,Coxim,MS*MATO@GROSSO@DO@SUL,Mato Grosso Do Sul,4154
4163*DOURADOS,16,Dourados,MS*MATO@GROSSO@DO@SUL,Mato Grosso Do Sul,4163
4210*NOVA@ANDRADINA,8,Nova Andradina,MS*MATO@GROSSO@DO@SUL,Mato Grosso Do Sul,4210
4220*PARANAIBA,9,Paranaiba,MS*MATO@GROSSO@DO@SUL,Mato Grosso Do Sul,4220
4226*PONTA@PORA,6,Ponta Pora,MS*MATO@GROSSO@DO@SUL,Mato Grosso Do Sul,4226
4263*TRES@LAGOAS,14,Tres Lagoas,MS*MATO@GROSSO@DO@SUL,Mato Grosso Do Sul,4263
2651*ALFENAS,12,Alfenas,MG*MINAS@GERAIS,Minas Gerais,2651
2695*ARAGUARI,20,Araguari,MG*MINAS@GERAIS,Minas Gerais,2695
2704*ARAXA,14,Araxa,MG*MINAS@GERAIS,Minas Gerais,2704
2735*BARBACENA,14,Barbacena,MG*MINAS@GERAIS,Minas Gerais,2735
2754*BELO@HORIZONTE,95,Belo Horizonte,MG*MINAS@GERAIS,Minas Gerais,2754
2762*BETIM,15,Betim,MG*MINAS@GERAIS,Minas Gerais,2762
2774*BOM@DESPACHO,10,Bom Despacho,MG*MINAS@GERAIS,Minas Gerais,2774
2854*CAMPO@BELO,10,Campo Belo,MG*MINAS@GERAIS,Minas Gerais,2854
2885*CARATINGA,8,Caratinga,MG*MINAS@GERAIS,Minas Gerais,2885
2909*CATAGUASES,7,Cataguases,MG*MINAS@GERAIS,Minas Gerais,2909
2973*CONGONHAS,6,Congonhas,MG*MINAS@GERAIS,Minas Gerais,2973
2976*CONSELHEIRO@LAFAIETE,11,Conselheiro Lafaiete,MG*MINAS@GERAIS,Minas Gerais,2976
2980*CONTAGEM,38,Contagem,MG*MINAS@GERAIS,Minas Gerais,2980
2990*CORONEL@FABRICIANO,14,Coronel Fabriciano,MG*MINAS@GERAIS,Minas Gerais,2990
3023*CURVELO,9,Curvelo,MG*MINAS@GERAIS,Minas Gerais,3023
3036*DIAMANTINA,6,Diamantina,MG*MINAS@GERAIS,Minas Gerais,3036
3047*DIVINOPOLIS,16,Divinopolis,MG*MINAS@GERAIS,Minas Gerais,3047
3128*FORMIGA,11,Formiga,MG*MINAS@GERAIS,Minas Gerais,3128
3146*FRUTAL,14,Frutal,MG*MINAS@GERAIS,Minas Gerais,3146
3169*GOVERNADOR@VALADARES,16,Governador Valadares,MG*MINAS@GERAIS,Minas Gerais,3169
3190*GUAXUPE,10,Guaxupe,MG*MINAS@GERAIS,Minas Gerais,3190
3206*IBIRITE,6,Ibirite,MG*MINAS@GERAIS,Minas Gerais,3206
3229*IPATINGA,15,Ipatinga,MG*MINAS@GERAIS,Minas Gerais,3229
3234*ITABIRA,14,Itabira,MG*MINAS@GERAIS,Minas Gerais,3234
3245*ITAJUBA,13,Itajuba,MG*MINAS@GERAIS,Minas Gerais,3245
3267*ITAUNA,11,Itauna,MG*MINAS@GERAIS,Minas Gerais,3267
3275*ITUIUTABA,16,Ituiutaba,MG*MINAS@GERAIS,Minas Gerais,3275
3290*JANAUBA,7,Janauba,MG*MINAS@GERAIS,Minas Gerais,3290
3291*JANUARIA,7,Januaria,MG*MINAS@GERAIS,Minas Gerais,3291
3304*JOAO@MONLEVADE,11,Joao Monlevade,MG*MINAS@GERAIS,Minas Gerais,3304
3305*JOAO@PINHEIRO,6,Joao Pinheiro,MG*MINAS@GERAIS,Minas Gerais,3305
3315*JUIZ@DE@FORA,29,Juiz De Fora,MG*MINAS@GERAIS,Minas Gerais,3315
3341*LAVRAS,13,Lavras,MG*MINAS@GERAIS,Minas Gerais,3341
3344*LEOPOLDINA,11,Leopoldina,MG*MINAS@GERAIS,Minas Gerais,3344
3373*MANHUACU,17,Manhuacu,MG*MINAS@GERAIS,Minas Gerais,3373
3382*MARIANA,6,Mariana,MG*MINAS@GERAIS,Minas Gerais,3382
3441*MONTE@CARMELO,11,Monte Carmelo,MG*MINAS@GERAIS,Minas Gerais,3441
3448*MONTES@CLAROS,20,Montes Claros,MG*MINAS@GERAIS,Minas Gerais,3448
3460*MURIAE,11,Muriae,MG*MINAS@GERAIS,Minas Gerais,3460
3480*NOVA@LIMA,11,Nova Lima,MG*MINAS@GERAIS,Minas Gerais,3480
3500*OLIVEIRA,10,Oliveira,MG*MINAS@GERAIS,Minas Gerais,3500
3507*OURO@PRETO,11,Ouro Preto,MG*MINAS@GERAIS,Minas Gerais,3507
3531*PARA@DE@MINAS,10,Para De Minas,MG*MINAS@GERAIS,Minas Gerais,3531
3532*PARACATU,8,Paracatu,MG*MINAS@GERAIS,Minas Gerais,3532
3547*PASSOS,16,Passos,MG*MINAS@GERAIS,Minas Gerais,3547
3549*PATOS@DE@MINAS,24,Patos De Minas,MG*MINAS@GERAIS,Minas Gerais,3549
3551*PATROCINIO,14,Patrocinio,MG*MINAS@GERAIS,Minas Gerais,3551
3632*POCOS@DE@CALDAS,27,Pocos De Caldas,MG*MINAS@GERAIS,Minas Gerais,3632
3654*POUSO@ALEGRE,20,Pouso Alegre,MG*MINAS@GERAIS,Minas Gerais,3654
3689*RIBEIRAO@DAS@NEVES,8,Ribeirao Das Neves,MG*MINAS@GERAIS,Minas Gerais,3689
3724*SABARA,10,Sabara,MG*MINAS@GERAIS,Minas Gerais,3724
3749*SANTA@LUZIA,10,Santa Luzia,MG*MINAS@GERAIS,Minas Gerais,3749
3813*SANTOS@DUMONT,7,Santos Dumont,MG*MINAS@GERAIS,Minas Gerais,3813
3857*SAO@JOAO@DEL@REI,11,Sao Joao Del Rei,MG*MINAS@GERAIS,Minas Gerais,3857
3892*SAO@LOURENCO,7,Sao Lourenco,MG*MINAS@GERAIS,Minas Gerais,3892
3924*SAO@SEBASTIAO@DO@PARAISO,11,Sao Sebastiao Do Paraiso,MG*MINAS@GERAIS,Minas Gerais,3924
3986*SETE@LAGOAS,25,Sete Lagoas,MG*MINAS@GERAIS,Minas Gerais,3986
4017*TEOFILO@OTONI,11,Teofilo Otoni,MG*MINAS@GERAIS,Minas Gerais,4017
4019*TIMOTEO,11,Timoteo,MG*MINAS@GERAIS,Minas Gerais,4019
4032*TRES@CORACOES,10,Tres Coracoes,MG*MINAS@GERAIS,Minas Gerais,4032
4043*UBA,11,Uba,MG*MINAS@GERAIS,Minas Gerais,4043
4047*UBERABA,30,Uberaba,MG*MINAS@GERAIS,Minas Gerais,4047
4048*UBERLANDIA,46,Uberlandia,MG*MINAS@GERAIS,Minas Gerais,4048
4051*UNAI,10,Unai,MG*MINAS@GERAIS,Minas Gerais,4051
4066*VARGINHA,18,Varginha,MG*MINAS@GERAIS,Minas Gerais,4066
4081*VESPASIANO,9,Vespasiano,MG*MINAS@GERAIS,Minas Gerais,4081
4082*VICOSA,10,Vicosa,MG*MINAS@GERAIS,Minas Gerais,4082
5746*ALMIRANTE@TAMANDARE,5,Almirante Tamandare,PR*PARANÁ,Paraná,5746
5780*APUCARANA,12,Apucarana,PR*PARANÁ,Paraná,5780
5783*ARAPONGAS,14,Arapongas,PR*PARANÁ,Paraná,5783
5789*ARAUCARIA,10,Araucaria,PR*PARANÁ,Paraná,5789
5797*ASSIS@CHATEAUBRIAND,13,Assis Chateaubriand,PR*PARANÁ,Paraná,5797
5895*CAMBE,11,Cambe,PR*PARANÁ,Paraná,5895
5911*CAMPO@LARGO,11,Campo Largo,PR*PARANÁ,Paraná,5911
5914*CAMPO@MOURAO,16,Campo Mourao,PR*PARANÁ,Paraná,5914
5941*CASCAVEL,28,Cascavel,PR*PARANÁ,Paraná,5941
5942*CASTRO,10,Castro,PR*PARANÁ,Paraná,5942
5959*CIANORTE,14,Cianorte,PR*PARANÁ,Paraná,5959
5964*COLOMBO,19,Colombo,PR*PARANÁ,Paraná,5964
5996*CORNELIO@PROCOPIO,10,Cornelio Procopio,PR*PARANÁ,Paraná,5996
6015*CURITIBA,95,Curitiba,PR*PARANÁ,Paraná,6015
6091*FOZ@DO@IGUACU,22,Foz Do Iguacu,PR*PARANÁ,Paraná,6091
6094*FRANCISCO@BELTRAO,16,Francisco Beltrao,PR*PARANÁ,Paraná,6094
6131*GUARAPUAVA,14,Guarapuava,PR*PARANÁ,Paraná,6131
6257*LARANJEIRAS@DO@SUL,8,Laranjeiras Do Sul,PR*PARANÁ,Paraná,6257
6268*LONDRINA,41,Londrina,PR*PARANÁ,Paraná,6268
6297*MARECHAL@CANDIDO@RONDON,7,Marechal Candido Rondon,PR*PARANÁ,Paraná,6297
6308*MARINGA,25,Maringa,PR*PARANÁ,Paraná,6308
6418*PARANAGUA,21,Paranagua,PR*PARANÁ,Paraná,6418
6420*PARANAVAI,14,Paranavai,PR*PARANÁ,Paraná,6420
6427*PATO@BRANCO,16,Pato Branco,PR*PARANÁ,Paraná,6427
6445*PINHAIS,11,Pinhais,PR*PARANÁ,Paraná,6445
6471*PONTA@GROSSA,21,Ponta Grossa,PR*PARANÁ,Paraná,6471
6604*SANTO@ANTONIO@DA@PLATINA,8,Santo Antonio Da Platina,PR*PARANÁ,Paraná,6604
6656*SAO@JOSE@DOS@PINHAIS,16,Sao Jose Dos Pinhais,PR*PARANÁ,Paraná,6656
6770*TOLEDO,25,Toledo,PR*PARANÁ,Paraná,6770
6794*UMUARAMA,21,Umuarama,PR*PARANÁ,Paraná,6794
6796*UNIAO@DA@VITORIA,10,Uniao Da Vitoria,PR*PARANÁ,Paraná,6796
4876*BAYEUX,8,Bayeux,PB*PARAÍBA,Paraíba,4876
4892*CABEDELO,10,Cabedelo,PB*PARAÍBA,Paraíba,4892
4904*CAMPINA@GRANDE,21,Campina Grande,PB*PARAÍBA,Paraíba,4904
4964*JOAO@PESSOA,48,Joao Pessoa,PB*PARAÍBA,Paraíba,4964
4982*MAMANGUAPE,7,Mamanguape,PB*PARAÍBA,Paraíba,4982
5017*PATOS,10,Patos,PB*PARAÍBA,Paraíba,5017
5066*SANTA@RITA,6,Santa Rita,PB*PARAÍBA,Paraíba,5066
5101*SAPE,5,Sape,PB*PARAÍBA,Paraíba,5101
5114*SOUSA,8,Sousa,PB*PARAÍBA,Paraíba,5114
4522*ABAETETUBA,8,Abaetetuba,PA*PARÁ,Pará,4522
4529*ALENQUER,6,Alenquer,PA*PARÁ,Pará,4529
4534*ALTAMIRA,6,Altamira,PA*PARÁ,Pará,4534
4539*ANANINDEUA,16,Ananindeua,PA*PARÁ,Pará,4539
4565*BELEM,40,Belem,PA*PARÁ,Pará,4565
4578*BRAGANCA,7,Braganca,PA*PARÁ,Pará,4578
4584*BREVES,7,Breves,PA*PARÁ,Pará,4584
4593*CAMETA,8,Cameta,PA*PARÁ,Pará,4593
4605*CASTANHAL,9,Castanhal,PA*PARÁ,Pará,4605
4610*CONCEICAO@DO@ARAGUAIA,6,Conceicao Do Araguaia,PA*PARÁ,Pará,4610
4651*ITAITUBA,8,Itaituba,PA*PARÁ,Pará,4651
4677*MARABA,14,Maraba,PA*PARÁ,Pará,4677
4728*PARAGOMINAS,4,Paragominas,PA*PARÁ,Pará,4728
4730*PARAUAPEBAS,9,Parauapebas,PA*PARÁ,Pará,4730
4754*REDENCAO,10,Redencao,PA*PARÁ,Pará,4754
4773*SANTANA@DO@ARAGUAIA,5,Santana Do Araguaia,PA*PARÁ,Pará,4773
4774*SANTAREM,18,Santarem,PA*PARÁ,Pará,4774
4824*TUCURUI,7,Tucurui,PA*PARÁ,Pará,4824
4846*XINGUARA,8,Xinguara,PA*PARÁ,Pará,4846
5135*ABREU@E@LIMA,7,Abreu E Lima,PE*PERNAMBUCO,Pernambuco,5135
5136*AFOGADOS@DA@INGAZEIRA,4,Afogados Da Ingazeira,PE*PERNAMBUCO,Pernambuco,5136
5153*ARARIPINA,9,Araripina,PE*PERNAMBUCO,Pernambuco,5153
5154*ARCOVERDE,9,Arcoverde,PE*PERNAMBUCO,Pernambuco,5154
5169*BELO@JARDIM,8,Belo Jardim,PE*PERNAMBUCO,Pernambuco,5169
5178*BOM@CONSELHO,7,Bom Conselho,PE*PERNAMBUCO,Pernambuco,5178
5189*CABO@DE@SANTO@AGOSTINHO,10,Cabo De Santo Agostinho,PE*PERNAMBUCO,Pernambuco,5189
5198*CAMARAGIBE,10,Camaragibe,PE*PERNAMBUCO,Pernambuco,5198
5216*CARUARU,15,Caruaru,PE*PERNAMBUCO,Pernambuco,5216
5259*GARANHUNS,16,Garanhuns,PE*PERNAMBUCO,Pernambuco,5259
5261*GOIANA,6,Goiana,PE*PERNAMBUCO,Pernambuco,5261
5264*GRAVATA,8,Gravata,PE*PERNAMBUCO,Pernambuco,5264
5281*IGARASSU,10,Igarassu,PE*PERNAMBUCO,Pernambuco,5281
5302*JABOATAO@DOS@GUARARAPES,19,Jaboatao Dos Guararapes,PE*PERNAMBUCO,Pernambuco,5302
5329*LAJEDO,6,Lajedo,PE*PERNAMBUCO,Pernambuco,5329
5362*OLINDA,16,Olinda,PE*PERNAMBUCO,Pernambuco,5362
5384*PAULISTA,20,Paulista,PE*PERNAMBUCO,Pernambuco,5384
5389*PETROLINA,18,Petrolina,PE*PERNAMBUCO,Pernambuco,5389
5406*RECIFE,79,Recife,PE*PERNAMBUCO,Pernambuco,5406
5416*SALGUEIRO,10,Salgueiro,PE*PERNAMBUCO,Pernambuco,5416
5422*SANTA@CRUZ@DO@CAPIBARIBE,10,Santa Cruz Do Capibaribe,PE*PERNAMBUCO,Pernambuco,5422
5434*SAO@BENTO@DO@UNA,6,Sao Bento Do Una,PE*PERNAMBUCO,Pernambuco,5434
5445*SAO@LOURENCO@DA@MATA,5,Sao Lourenco Da Mata,PE*PERNAMBUCO,Pernambuco,5445
5453*SERRA@TALHADA,10,Serra Talhada,PE*PERNAMBUCO,Pernambuco,5453
5456*SERTANIA,4,Sertania,PE*PERNAMBUCO,Pernambuco,5456
5503*VITORIA@DE@SANTO@ANTAO,10,Vitoria De Santo Antao,PE*PERNAMBUCO,Pernambuco,5503
5526*BARRAS,6,Barras,PI*PIAUÍ,Piauí,5526
5553*CAMPO@MAIOR,8,Campo Maior,PI*PIAUÍ,Piauí,5553
5649*OEIRAS,5,Oeiras,PI*PIAUÍ,Piauí,5649
5658*PARNAIBA,13,Parnaiba,PI*PIAUÍ,Piauí,5658
5665*PICOS,10,Picos,PI*PIAUÍ,Piauí,5665
5669*PIRIPIRI,6,Piripiri,PI*PIAUÍ,Piauí,5669
5721*TERESINA,53,Teresina,PI*PIAUÍ,Piauí,5721
6845*ANGRA@DOS@REIS,13,Angra Dos Reis,RJ*RIO@DE@JANEIRO,Rio De Janeiro,6845
6848*ARARUAMA,15,Araruama,RJ*RIO@DE@JANEIRO,Rio De Janeiro,6848
6850*ARMACAO@DOS@BUZIOS,6,Armacao Dos Buzios,RJ*RIO@DE@JANEIRO,Rio De Janeiro,6850
6862*BARRA@DO@PIRAI,10,Barra Do Pirai,RJ*RIO@DE@JANEIRO,Rio De Janeiro,6862
6863*BARRA@MANSA,21,Barra Mansa,RJ*RIO@DE@JANEIRO,Rio De Janeiro,6863
6865*BELFORD@ROXO,11,Belford Roxo,RJ*RIO@DE@JANEIRO,Rio De Janeiro,6865
6873*CABO@FRIO,10,Cabo Frio,RJ*RIO@DE@JANEIRO,Rio De Janeiro,6873
6881*CAMPOS@DOS@GOYTACAZES,38,Campos Dos Goytacazes,RJ*RIO@DE@JANEIRO,Rio De Janeiro,6881
6912*DUQUE@DE@CAXIAS,30,Duque De Caxias,RJ*RIO@DE@JANEIRO,Rio De Janeiro,6912
6941*ITABORAI,20,Itaborai,RJ*RIO@DE@JANEIRO,Rio De Janeiro,6941
6943*ITAGUAI,8,Itaguai,RJ*RIO@DE@JANEIRO,Rio De Janeiro,6943
6950*ITAPERUNA,16,Itaperuna,RJ*RIO@DE@JANEIRO,Rio De Janeiro,6950
6962*MACAE,14,Macae,RJ*RIO@DE@JANEIRO,Rio De Janeiro,6962
6964*MAGE,10,Mage,RJ*RIO@DE@JANEIRO,Rio De Janeiro,6964
6966*MANGARATIBA,9,Mangaratiba,RJ*RIO@DE@JANEIRO,Rio De Janeiro,6966
6971*MARICA,11,Marica,RJ*RIO@DE@JANEIRO,Rio De Janeiro,6971
6988*NILOPOLIS,9,Nilopolis,RJ*RIO@DE@JANEIRO,Rio De Janeiro,6988
6989*NITEROI,34,Niteroi,RJ*RIO@DE@JANEIRO,Rio De Janeiro,6989
6993*NOVA@FRIBURGO,21,Nova Friburgo,RJ*RIO@DE@JANEIRO,Rio De Janeiro,6993
6994*NOVA@IGUACU,25,Nova Iguacu,RJ*RIO@DE@JANEIRO,Rio De Janeiro,6994
7000*PARAIBA@DO@SUL,7,Paraiba Do Sul,RJ*RIO@DE@JANEIRO,Rio De Janeiro,7000
7004*PARATI,7,Parati,RJ*RIO@DE@JANEIRO,Rio De Janeiro,7004
7012*PETROPOLIS,18,Petropolis,RJ*RIO@DE@JANEIRO,Rio De Janeiro,7012
7031*QUEIMADOS,5,Queimados,RJ*RIO@DE@JANEIRO,Rio De Janeiro,7031
7035*RESENDE,14,Resende,RJ*RIO@DE@JANEIRO,Rio De Janeiro,7035
7039*RIO@BONITO,11,Rio Bonito,RJ*RIO@DE@JANEIRO,Rio De Janeiro,7039
7043*RIO@DE@JANEIRO,190,Rio De Janeiro,RJ*RIO@DE@JANEIRO,Rio De Janeiro,7043
7062*SANTO@ANTONIO@DE@PADUA,7,Santo Antonio De Padua,RJ*RIO@DE@JANEIRO,Rio De Janeiro,7062
7066*SAO@FRANCISCO@DE@ITABAPOANA,8,Sao Francisco De Itabapoana,RJ*RIO@DE@JANEIRO,Rio De Janeiro,7066
7067*SAO@GONCALO,35,Sao Goncalo,RJ*RIO@DE@JANEIRO,Rio De Janeiro,7067
7069*SAO@JOAO@DE@MERITI,20,Sao Joao De Meriti,RJ*RIO@DE@JANEIRO,Rio De Janeiro,7069
7084*SAPUCAIA,10,Sapucaia,RJ*RIO@DE@JANEIRO,Rio De Janeiro,7084
7085*SAQUAREMA,9,Saquarema,RJ*RIO@DE@JANEIRO,Rio De Janeiro,7085
7102*TERESOPOLIS,23,Teresopolis,RJ*RIO@DE@JANEIRO,Rio De Janeiro,7102
7107*TRES@RIOS,10,Tres Rios,RJ*RIO@DE@JANEIRO,Rio De Janeiro,7107
7110*VALENCA,10,Valenca,RJ*RIO@DE@JANEIRO,Rio De Janeiro,7110
7113*VASSOURAS,6,Vassouras,RJ*RIO@DE@JANEIRO,Rio De Janeiro,7113
7121*VOLTA@REDONDA,20,Volta Redonda,RJ*RIO@DE@JANEIRO,Rio De Janeiro,7121
7148*CAICO,10,Caico,RN*RIO@GRANDE@DO@NORTE,Rio Grande Do Norte,7148
7161*CURRAIS@NOVOS,7,Currais Novos,RN*RIO@GRANDE@DO@NORTE,Rio Grande Do Norte,7161
7220*MOSSORO,25,Mossoro,RN*RIO@GRANDE@DO@NORTE,Rio Grande Do Norte,7220
7221*NATAL,44,Natal,RN*RIO@GRANDE@DO@NORTE,Rio Grande Do Norte,7221
7229*PARNAMIRIM,21,Parnamirim,RN*RIO@GRANDE@DO@NORTE,Rio Grande Do Norte,7229
7271*SAO@JOSE@DE@MIPIBU,9,Sao Jose De Mipibu,RN*RIO@GRANDE@DO@NORTE,Rio Grande Do Norte,7271
7396*ALEGRETE,10,Alegrete,RS*RIO@GRANDE@DO@SUL,Rio Grande Do Sul,7396
7408*ALVORADA,10,Alvorada,RS*RIO@GRANDE@DO@SUL,Rio Grande Do Sul,7408
7439*BAGE,14,Bage,RS*RIO@GRANDE@DO@SUL,Rio Grande Do Sul,7439
7466*BENTO@GONCALVES,16,Bento Goncalves,RS*RIO@GRANDE@DO@SUL,Rio Grande Do Sul,7466
7499*CACAPAVA@DO@SUL,9,Cacapava Do Sul,RS*RIO@GRANDE@DO@SUL,Rio Grande Do Sul,7499
7501*CACHOEIRA@DO@SUL,12,Cachoeira Do Sul,RS*RIO@GRANDE@DO@SUL,Rio Grande Do Sul,7501
7502*CACHOEIRINHA,11,Cachoeirinha,RS*RIO@GRANDE@DO@SUL,Rio Grande Do Sul,7502
7533*CANOAS,17,Canoas,RS*RIO@GRANDE@DO@SUL,Rio Grande Do Sul,7533
7566*CAXIAS@DO@SUL,25,Caxias Do Sul,RS*RIO@GRANDE@DO@SUL,Rio Grande Do Sul,7566
7591*CHUI,5,Chui,RS*RIO@GRANDE@DO@SUL,Rio Grande Do Sul,7591
7632*CRUZ@ALTA,16,Cruz Alta,RS*RIO@GRANDE@DO@SUL,Rio Grande Do Sul,7632
7675*ERECHIM,18,Erechim,RS*RIO@GRANDE@DO@SUL,Rio Grande Do Sul,7675
7697*ESTEIO,10,Esteio,RS*RIO@GRANDE@DO@SUL,Rio Grande Do Sul,7697
7744*GRAMADO,10,Gramado,RS*RIO@GRANDE@DO@SUL,Rio Grande Do Sul,7744
7748*GRAVATAI,16,Gravatai,RS*RIO@GRANDE@DO@SUL,Rio Grande Do Sul,7748
7750*GUAIBA,11,Guaiba,RS*RIO@GRANDE@DO@SUL,Rio Grande Do Sul,7750
7771*IJUI,13,Ijui,RS*RIO@GRANDE@DO@SUL,Rio Grande Do Sul,7771
7805*JAGUARAO,6,Jaguarao,RS*RIO@GRANDE@DO@SUL,Rio Grande Do Sul,7805
7823*LAJEADO,12,Lajeado,RS*RIO@GRANDE@DO@SUL,Rio Grande Do Sul,7823
7918*NOVO@HAMBURGO,14,Novo Hamburgo,RS*RIO@GRANDE@DO@SUL,Rio Grande Do Sul,7918
7925*OSORIO,13,Osorio,RS*RIO@GRANDE@DO@SUL,Rio Grande Do Sul,7925
7935*PALMEIRA@DAS@MISSOES,8,Palmeira Das Missoes,RS*RIO@GRANDE@DO@SUL,Rio Grande Do Sul,7935
7953*PASSO@FUNDO,14,Passo Fundo,RS*RIO@GRANDE@DO@SUL,Rio Grande Do Sul,7953
7965*PELOTAS,27,Pelotas,RS*RIO@GRANDE@DO@SUL,Rio Grande Do Sul,7965
7994*PORTO@ALEGRE,90,Porto Alegre,RS*RIO@GRANDE@DO@SUL,Rio Grande Do Sul,7994
8041*RIO@GRANDE,21,Rio Grande,RS*RIO@GRANDE@DO@SUL,Rio Grande Do Sul,8041
8079*SANTA@CRUZ@DO@SUL,17,Santa Cruz Do Sul,RS*RIO@GRANDE@DO@SUL,Rio Grande Do Sul,8079
8087*SANTA@MARIA,14,Santa Maria,RS*RIO@GRANDE@DO@SUL,Rio Grande Do Sul,8087
8090*SANTA@ROSA,13,Santa Rosa,RS*RIO@GRANDE@DO@SUL,Rio Grande Do Sul,8090
8096*SANTA@VITORIA@DO@PALMAR,4,Santa Vitoria Do Palmar,RS*RIO@GRANDE@DO@SUL,Rio Grande Do Sul,8096
8101*SANTANA@DO@LIVRAMENTO,14,Santana Do Livramento,RS*RIO@GRANDE@DO@SUL,Rio Grande Do Sul,8101
8104*SANTO@ANGELO,10,Santo Angelo,RS*RIO@GRANDE@DO@SUL,Rio Grande Do Sul,8104
8120*SAO@BORJA,6,Sao Borja,RS*RIO@GRANDE@DO@SUL,Rio Grande Do Sul,8120
8126*SAO@GABRIEL,10,Sao Gabriel,RS*RIO@GRANDE@DO@SUL,Rio Grande Do Sul,8126
8146*SAO@LEOPOLDO,16,Sao Leopoldo,RS*RIO@GRANDE@DO@SUL,Rio Grande Do Sul,8146
8151*SAO@LUIZ@GONZAGA,9,Sao Luiz Gonzaga,RS*RIO@GRANDE@DO@SUL,Rio Grande Do Sul,8151
8180*SAPIRANGA,9,Sapiranga,RS*RIO@GRANDE@DO@SUL,Rio Grande Do Sul,8180
8181*SAPUCAIA@DO@SUL,10,Sapucaia Do Sul,RS*RIO@GRANDE@DO@SUL,Rio Grande Do Sul,8181
8242*TORRES,10,Torres,RS*RIO@GRANDE@DO@SUL,Rio Grande Do Sul,8242
8245*TRAMANDAI,8,Tramandai,RS*RIO@GRANDE@DO@SUL,Rio Grande Do Sul,8245
8278*URUGUAIANA,9,Uruguaiana,RS*RIO@GRANDE@DO@SUL,Rio Grande Do Sul,8278
8280*VACARIA,13,Vacaria,RS*RIO@GRANDE@DO@SUL,Rio Grande Do Sul,8280
8294*VIAMAO,12,Viamao,RS*RIO@GRANDE@DO@SUL,Rio Grande Do Sul,8294
7315*ARIQUEMES,12,Ariquemes,RO*RONDÔNIA,Rondônia,7315
7319*CACOAL,10,Cacoal,RO*RONDÔNIA,Rondônia,7319
7332*GUAJARA-MIRIM,5,Guajara-mirim,RO*RONDÔNIA,Rondônia,7332
7336*JI-PARANA,20,Ji-parana,RO*RONDÔNIA,Rondônia,7336
7350*PIMENTA@BUENO,9,Pimenta Bueno,RO*RONDÔNIA,Rondônia,7350
7352*PORTO@VELHO,30,Porto Velho,RO*RONDÔNIA,Rondônia,7352
7362*SAO@MIGUEL@DO@GUAPORE,7,Sao Miguel Do Guapore,RO*RONDÔNIA,Rondônia,7362
7371*VILHENA,10,Vilhena,RO*RONDÔNIA,Rondônia,7371
7375*BOA@VISTA,19,Boa Vista,RR*RORAIMA,Roraima,7375
7377*CANTA,5,Canta,RR*RORAIMA,Roraima,7377
7378*CARACARAI,6,Caracarai,RR*RORAIMA,Roraima,7378
7381*MUCAJAI,3,Mucajai,RR*RORAIMA,Roraima,7381
7384*RORAINOPOLIS,3,Rorainopolis,RR*RORAIMA,Roraima,7384
8344*ARARANGUA,11,Ararangua,SC*SANTA@CATARINA,Santa Catarina,8344
8357*BALNEARIO@CAMBORIU,14,Balneario Camboriu,SC*SANTA@CATARINA,Santa Catarina,8357
8376*BIGUACU,10,Biguacu,SC*SANTA@CATARINA,Santa Catarina,8376
8377*BLUMENAU,23,Blumenau,SC*SANTA@CATARINA,Santa Catarina,8377
8390*BRUSQUE,25,Brusque,SC*SANTA@CATARINA,Santa Catarina,8390
8391*CACADOR,10,Cacador,SC*SANTA@CATARINA,Santa Catarina,8391
8419*CHAPECO,24,Chapeco,SC*SANTA@CATARINA,Santa Catarina,8419
8424*CONCORDIA,13,Concordia,SC*SANTA@CATARINA,Santa Catarina,8424
8430*CRICIUMA,17,Criciuma,SC*SANTA@CATARINA,Santa Catarina,8430
8452*FLORIANOPOLIS,40,Florianopolis,SC*SANTA@CATARINA,Santa Catarina,8452
8507*ITAJAI,17,Itajai,SC*SANTA@CATARINA,Santa Catarina,8507
8518*JARAGUA@DO@SUL,20,Jaragua Do Sul,SC*SANTA@CATARINA,Santa Catarina,8518
8521*JOINVILLE,32,Joinville,SC*SANTA@CATARINA,Santa Catarina,8521
8525*LAGES,23,Lages,SC*SANTA@CATARINA,Santa Catarina,8525
8528*LAGUNA,9,Laguna,SC*SANTA@CATARINA,Santa Catarina,8528
8543*MAFRA,10,Mafra,SC*SANTA@CATARINA,Santa Catarina,8543
8589*PALHOCA,18,Palhoca,SC*SANTA@CATARINA,Santa Catarina,8589
8700*SAO@JOSE,17,Sao Jose,SC*SANTA@CATARINA,Santa Catarina,8700
8708*SAO@MIGUEL@DO@OESTE,10,Sao Miguel Do Oeste,SC*SANTA@CATARINA,Santa Catarina,8708
8742*TUBARAO,22,Tubarao,SC*SANTA@CATARINA,Santa Catarina,8742
8756*VIDEIRA,10,Videira,SC*SANTA@CATARINA,Santa Catarina,8756
8763*XANXERE,10,Xanxere,SC*SANTA@CATARINA,Santa Catarina,8763
8770*ARACAJU,22,Aracaju,SE*SERGIPE,Sergipe,8770
8796*ITABAIANA,8,Itabaiana,SE*SERGIPE,Sergipe,8796
8797*ITABAIANINHA,3,Itabaianinha,SE*SERGIPE,Sergipe,8797
8802*LAGARTO,9,Lagarto,SE*SERGIPE,Sergipe,8802
8819*NOSSA@SENHORA@DO@SOCORRO,10,Nossa Senhora Do Socorro,SE*SERGIPE,Sergipe,8819
8847*SIMAO@DIAS,2,Simao Dias,SE*SERGIPE,Sergipe,8847
8850*TOBIAS@BARRETO,3,Tobias Barreto,SE*SERGIPE,Sergipe,8850
8853*ADAMANTINA,9,Adamantina,SP*SÃO@PAULO,São Paulo,8853
8883*AMERICANA,20,Americana,SP*SÃO@PAULO,São Paulo,8883
8886*AMPARO,13,Amparo,SP*SÃO@PAULO,São Paulo,8886
8901*APIAI,5,Apiai,SP*SÃO@PAULO,São Paulo,8901
8907*ARACATUBA,25,Aracatuba,SP*SÃO@PAULO,São Paulo,8907
8912*ARARAQUARA,26,Araraquara,SP*SÃO@PAULO,São Paulo,8912
8913*ARARAS,23,Araras,SP*SÃO@PAULO,São Paulo,8913
8926*ASSIS,24,Assis,SP*SÃO@PAULO,São Paulo,8926
8928*ATIBAIA,27,Atibaia,SP*SÃO@PAULO,São Paulo,8928
8933*AVARE,11,Avare,SP*SÃO@PAULO,São Paulo,8933
8954*BARRETOS,21,Barretos,SP*SÃO@PAULO,São Paulo,8954
8956*BARUERI,21,Barueri,SP*SÃO@PAULO,São Paulo,8956
8961*BAURU,35,Bauru,SP*SÃO@PAULO,São Paulo,8961
8962*BEBEDOURO,10,Bebedouro,SP*SÃO@PAULO,São Paulo,8962
8969*BIRIGUI,14,Birigui,SP*SÃO@PAULO,São Paulo,8969
8989*BOTUCATU,15,Botucatu,SP*SÃO@PAULO,São Paulo,8989
8992*BRAGANCA@PAULISTA,19,Braganca Paulista,SP*SÃO@PAULO,São Paulo,8992
9005*CACAPAVA,14,Cacapava,SP*SÃO@PAULO,São Paulo,9005
9025*CAMPINAS,65,Campinas,SP*SÃO@PAULO,São Paulo,9025
9028*CAMPOS@DO@JORDAO,8,Campos Do Jordao,SP*SÃO@PAULO,São Paulo,9028
9037*CAPAO@BONITO,9,Capao Bonito,SP*SÃO@PAULO,São Paulo,9037
9043*CARAGUATATUBA,14,Caraguatatuba,SP*SÃO@PAULO,São Paulo,9043
9044*CARAPICUIBA,16,Carapicuiba,SP*SÃO@PAULO,São Paulo,9044
9052*CATANDUVA,19,Catanduva,SP*SÃO@PAULO,São Paulo,9052
9079*COSMOPOLIS,10,Cosmopolis,SP*SÃO@PAULO,São Paulo,9079
9082*COTIA,19,Cotia,SP*SÃO@PAULO,São Paulo,9082
9087*CRUZEIRO,9,Cruzeiro,SP*SÃO@PAULO,São Paulo,9087
9088*CUBATAO,8,Cubatao,SP*SÃO@PAULO,São Paulo,9088
9094*DIADEMA,16,Diadema,SP*SÃO@PAULO,São Paulo,9094
9103*DRACENA,10,Dracena,SP*SÃO@PAULO,São Paulo,9103
9113*EMBU,12,Embu,SP*SÃO@PAULO,São Paulo,9113
9138*FERRAZ@DE@VASCONCELOS,6,Ferraz De Vasconcelos,SP*SÃO@PAULO,São Paulo,9138
9144*FRANCA,22,Franca,SP*SÃO@PAULO,São Paulo,9144
9145*FRANCISCO@MORATO,7,Francisco Morato,SP*SÃO@PAULO,São Paulo,9145
9146*FRANCO@DA@ROCHA,8,Franco Da Rocha,SP*SÃO@PAULO,São Paulo,9146
9150*GARCA,11,Garca,SP*SÃO@PAULO,São Paulo,9150
9177*GUARATINGUETA,13,Guaratingueta,SP*SÃO@PAULO,São Paulo,9177
9182*GUARUJA,24,Guaruja,SP*SÃO@PAULO,São Paulo,9182
9183*GUARULHOS,33,Guarulhos,SP*SÃO@PAULO,São Paulo,9183
9189*HORTOLANDIA,16,Hortolandia,SP*SÃO@PAULO,São Paulo,9189
9197*IBITINGA,10,Ibitinga,SP*SÃO@PAULO,São Paulo,9197
9216*INDAIATUBA,26,Indaiatuba,SP*SÃO@PAULO,São Paulo,9216
9237*ITANHAEM,6,Itanhaem,SP*SÃO@PAULO,São Paulo,9237
9239*ITAPECERICA@DA@SERRA,10,Itapecerica Da Serra,SP*SÃO@PAULO,São Paulo,9239
9240*ITAPETININGA,22,Itapetininga,SP*SÃO@PAULO,São Paulo,9240
9242*ITAPEVA,12,Itapeva,SP*SÃO@PAULO,São Paulo,9242
9243*ITAPEVI,9,Itapevi,SP*SÃO@PAULO,São Paulo,9243
9244*ITAPIRA,10,Itapira,SP*SÃO@PAULO,São Paulo,9244
9246*ITAPOLIS,10,Itapolis,SP*SÃO@PAULO,São Paulo,9246
9250*ITAQUAQUECETUBA,10,Itaquaquecetuba,SP*SÃO@PAULO,São Paulo,9250
9254*ITATIBA,20,Itatiba,SP*SÃO@PAULO,São Paulo,9254
9260*ITU,23,Itu,SP*SÃO@PAULO,São Paulo,9260
9265*JABOTICABAL,12,Jaboticabal,SP*SÃO@PAULO,São Paulo,9265
9267*JACAREI,16,Jacarei,SP*SÃO@PAULO,São Paulo,9267
9274*JALES,10,Jales,SP*SÃO@PAULO,São Paulo,9274
9277*JANDIRA,9,Jandira,SP*SÃO@PAULO,São Paulo,9277
9285*JAU,27,Jau,SP*SÃO@PAULO,São Paulo,9285
9291*JOSE@BONIFACIO,10,Jose Bonifacio,SP*SÃO@PAULO,São Paulo,9291
9295*JUNDIAI,30,Jundiai,SP*SÃO@PAULO,São Paulo,9295
9315*LEME,17,Leme,SP*SÃO@PAULO,São Paulo,9315
9317*LIMEIRA,23,Limeira,SP*SÃO@PAULO,São Paulo,9317
9319*LINS,18,Lins,SP*SÃO@PAULO,São Paulo,9319
9321*LORENA,9,Lorena,SP*SÃO@PAULO,São Paulo,9321
9348*MARILIA,17,Marilia,SP*SÃO@PAULO,São Paulo,9348
9354*MATAO,14,Matao,SP*SÃO@PAULO,São Paulo,9354
9355*MAUA,14,Maua,SP*SÃO@PAULO,São Paulo,9355
9366*MIRASSOL,10,Mirassol,SP*SÃO@PAULO,São Paulo,9366
9368*MOCOCA,18,Mococa,SP*SÃO@PAULO,São Paulo,9368
9369*MOGI@DAS@CRUZES,21,Mogi Das Cruzes,SP*SÃO@PAULO,São Paulo,9369
9370*MOGI@GUACU,18,Mogi Guacu,SP*SÃO@PAULO,São Paulo,9370
9371*MOGI@MIRIM,14,Mogi Mirim,SP*SÃO@PAULO,São Paulo,9371
9377*MONTE@ALTO,10,Monte Alto,SP*SÃO@PAULO,São Paulo,9377
9425*OLIMPIA,9,Olimpia,SP*SÃO@PAULO,São Paulo,9425
9432*OSASCO,40,Osasco,SP*SÃO@PAULO,São Paulo,9432
9435*OURINHOS,19,Ourinhos,SP*SÃO@PAULO,São Paulo,9435
9447*PARAGUACU@PAULISTA,9,Paraguacu Paulista,SP*SÃO@PAULO,São Paulo,9447
9464*PAULINIA,16,Paulinia,SP*SÃO@PAULO,São Paulo,9464
9485*PINDAMONHANGABA,15,Pindamonhangaba,SP*SÃO@PAULO,São Paulo,9485
9493*PIRACICABA,26,Piracicaba,SP*SÃO@PAULO,São Paulo,9493
9501*PIRASSUNUNGA,14,Pirassununga,SP*SÃO@PAULO,São Paulo,9501
9508*POA,10,Poa,SP*SÃO@PAULO,São Paulo,9508
9519*PORTO@FERREIRA,10,Porto Ferreira,SP*SÃO@PAULO,São Paulo,9519
9527*PRAIA@GRANDE,23,Praia Grande,SP*SÃO@PAULO,São Paulo,9527
9532*PRESIDENTE@PRUDENTE,20,Presidente Prudente,SP*SÃO@PAULO,São Paulo,9532
9533*PRESIDENTE@VENCESLAU,10,Presidente Venceslau,SP*SÃO@PAULO,São Paulo,9533
9559*RIBEIRAO@PIRES,11,Ribeirao Pires,SP*SÃO@PAULO,São Paulo,9559
9560*RIBEIRAO@PRETO,60,Ribeirao Preto,SP*SÃO@PAULO,São Paulo,9560
9566*RIO@CLARO,15,Rio Claro,SP*SÃO@PAULO,São Paulo,9566
9587*SALTO,12,Salto,SP*SÃO@PAULO,São Paulo,9587
9595*SANTA@BARBARA@D.OESTE,20,Santa Barbara D.oeste,SP*SÃO@PAULO,São Paulo,9595
9602*SANTA@CRUZ@DO@RIO@PARDO,10,Santa Cruz Do Rio Pardo,SP*SÃO@PAULO,São Paulo,9602
9625*SANTO@ANDRE,46,Santo Andre,SP*SÃO@PAULO,São Paulo,9625
9636*SANTOS,42,Santos,SP*SÃO@PAULO,São Paulo,9636
9640*SAO@BERNARDO@DO@CAMPO,32,Sao Bernardo Do Campo,SP*SÃO@PAULO,São Paulo,9640
9642*SAO@CAETANO@DO@SUL,20,Sao Caetano Do Sul,SP*SÃO@PAULO,São Paulo,9642
9643*SAO@CARLOS,21,Sao Carlos,SP*SÃO@PAULO,São Paulo,9643
9647*SAO@JOAO@DA@BOA@VISTA,21,Sao Joao Da Boa Vista,SP*SÃO@PAULO,São Paulo,9647
9654*SAO@JOAQUIM@DA@BARRA,9,Sao Joaquim Da Barra,SP*SÃO@PAULO,São Paulo,9654
9659*SAO@JOSE@DO@RIO@PRETO,32,Sao Jose Do Rio Preto,SP*SÃO@PAULO,São Paulo,9659
9660*SAO@JOSE@DOS@CAMPOS,46,Sao Jose Dos Campos,SP*SÃO@PAULO,São Paulo,9660
9668*SAO@PAULO,349,Sao Paulo,SP*SÃO@PAULO,São Paulo,9668
9671*SAO@ROQUE,10,Sao Roque,SP*SÃO@PAULO,São Paulo,9671
9678*SAO@VICENTE,19,Sao Vicente,SP*SÃO@PAULO,São Paulo,9678
9686*SERTAOZINHO,11,Sertaozinho,SP*SÃO@PAULO,São Paulo,9686
9696*SOROCABA,30,Sorocaba,SP*SÃO@PAULO,São Paulo,9696
9700*SUMARE,16,Sumare,SP*SÃO@PAULO,São Paulo,9700
9703*SUZANO,15,Suzano,SP*SÃO@PAULO,São Paulo,9703
9707*TABOAO@DA@SERRA,15,Taboao Da Serra,SP*SÃO@PAULO,São Paulo,9707
9725*TATUI,17,Tatui,SP*SÃO@PAULO,São Paulo,9725
9726*TAUBATE,19,Taubate,SP*SÃO@PAULO,São Paulo,9726
9748*TUPA,12,Tupa,SP*SÃO@PAULO,São Paulo,9748
9756*UBATUBA,14,Ubatuba,SP*SÃO@PAULO,São Paulo,9756
9768*VALINHOS,14,Valinhos,SP*SÃO@PAULO,São Paulo,9768
9775*VARZEA@PAULISTA,9,Varzea Paulista,SP*SÃO@PAULO,São Paulo,9775
9783*VINHEDO,11,Vinhedo,SP*SÃO@PAULO,São Paulo,9783
9788*VOTORANTIM,10,Votorantim,SP*SÃO@PAULO,São Paulo,9788
9789*VOTUPORANGA,12,Votuporanga,SP*SÃO@PAULO,São Paulo,9789
9805*ARAGUAINA,11,Araguaina,TO*TOCANTINS,Tocantins,9805
9848*DIANOPOLIS,5,Dianopolis,TO*TOCANTINS,Tocantins,9848
9862*GURUPI,13,Gurupi,TO*TOCANTINS,Tocantins,9862
9899*PALMAS,16,Palmas,TO*TOCANTINS,Tocantins,9899
9902*PARAISO@DO@TOCANTINS,10,Paraiso Do Tocantins,TO*TOCANTINS,Tocantins,9902
9921*PORTO@NACIONAL,6,Porto Nacional,TO*TOCANTINS,Tocantins,9921
